Image_Id,X,Y,Z
Cessna-0000,5,-0.485894574,-0.392308238
Cessna-0001,5,-0.574522013,-0.346205028
Cessna-0002,5,-0.658813595,-0.292584026
Cessna-0003,5,-0.73813347,-0.231849749
Cessna-0004,5,-0.81188305,-0.164460504
Cessna-0005,5,-0.879505585,-0.090925047

